,Job,Specialization,Company,Location,Date_posted
0,Business Development Executive,Sales / Business Development,TeamAce,Lagos,"23rd December, 2020"
1,Telesales Analyst ,Sales / Business Development,TeamAce,Lagos,"23rd December, 2020"
2,Personal Assistant (Female),Secretarial / PA,Willers Solutions Limited,Lagos,"23rd December, 2020"
3,Procurement Executive,Procurement/ Purchasing,a reputable company,Lagos,"23rd December, 2020"
4,Nursery 1 Teacher,Education / Teaching / Training,Standard Bearers School (SBS),Lagos,"23rd December, 2020"
5,Research Analyst,Research / Survey,Asset and Equity Group,Lagos,"23rd December, 2020"
6,Business Development Assistant (Corper),Sales / Business Development,Avant Halogen,Lagos,"23rd December, 2020"
7,Driver,Driving / Haulage,Asset and Equity Group,Lagos,"23rd December, 2020"
8,Solar Power Solution Manager,Engineering / Technical,Huawei Technologies Limited,Lagos,"23rd December, 2020"
10,Maintenance Engineer,Engineering / Technical,Veepee Group Limited,Ogun,"23rd December, 2020"
11,Sales Associate,Sales / Business Development,McPeniel Associate,Abuja,"23rd December, 2020"
12,Accountant,Accounting / Audit / Finance,Amagbuz Venture,Kwara,"23rd December, 2020"
13,Warehouse Manager,Supply Chain/ Store,Chemonics International,Abuja,"23rd December, 2020"
14,Sales Manager,Sales / Business Development,MainOne Cable,Lagos,"23rd December, 2020"
15,Nail Technician,"Creatives (Arts, Design, Fashion)",Prestigious Consulting,Lagos,"23rd December, 2020"
16,Dialysis / Nephrology Nurse,Medical/ Healthcare / Pharmaceutical,Marigold Hospital and Critical Care Center,Lagos,"23rd December, 2020"
17,Sales Manager,Sales / Business Development,Elkris Agro Development Nigeria Limited,Edo,"23rd December, 2020"
18,MPBN Engineer,Engineering / Technical,MacTay Consulting,Lagos,"23rd December, 2020"
19,Human Resources Manager,Human Resources / Recruitment,Nairametrics,Lagos,"23rd December, 2020"
20,Accounts Assistant - Payables,Accounting / Audit / Finance,Fenix,Lagos,"23rd December, 2020"
21,Packaging Unit Manager,Engineering / Technical,AB InBev,Osun,"23rd December, 2020"
22,Solar Energy Promoter,Engineering / Technical,D.light Energy Limited,Edo,"23rd December, 2020"
23,Driver,Driving / Haulage,Management Sciences for Health (MSH),Benue,"23rd December, 2020"
24,Human Resources Assistant,Human Resources / Recruitment,Premiere Urgence Internationale (PUI),Borno,"23rd December, 2020"
25,Nurse,Medical/ Healthcare / Pharmaceutical,Premiere Urgence Internationale (PUI),Borno,"23rd December, 2020"
26,Personal Assistant,Secretarial / PA,Nicole Sinclair,Lagos,"23rd December, 2020"
27,Software / App Developer,Software/ Programming / Web development,Stacksoft Limited,Lagos,"23rd December, 2020"
28,Customer Service Representative,Customer Service,Kolo Express,Oyo,"23rd December, 2020"
29,Blogger / Social Media Manager,Advertising/ Social Media/ Marketing/ PR,Creatrix Empire,Lagos,"23rd December, 2020"
30,Receptionist,Administration/ Office/ Operations,Kolo Express,Oyo,"23rd December, 2020"
31,Business & Channel Development Officer,Sales / Business Development,Beebeejump,Bayelsa,"23rd December, 2020"
32,Loan / Credit Officer,Accounting / Audit / Finance,Rich-Oak,Lagos,"23rd December, 2020"
33,Accountant,Accounting / Audit / Finance,Eden Solution and Resources Ltd.,Abuja,"23rd December, 2020"
34,Dispatch Rider,Logistics / Transportation/ Supply,Pearlskyline Logistics,Lagos,"23rd December, 2020"
36,Customer Service Officer,Customer Service,Madas Finance,Lagos,"22nd December, 2020"
37,Marketing / Loan Officer,Accounting / Audit / Finance,Okazi Finance Limited,Lagos,"22nd December, 2020"
38,Stock Accountant,Supply Chain/ Store,Kloverharris Limited,Ogun,"22nd December, 2020"
39,Social Media Specialist,Advertising/ Social Media/ Marketing/ PR,HRLeverage,Lagos,"22nd December, 2020"
41,Sales and Marketing Executive,Advertising/ Social Media/ Marketing/ PR,Adady Global Industries Limited,Lagos,"22nd December, 2020"
42,Mechanical Instructor,Education / Teaching / Training,AETI,Lagos,"22nd December, 2020"
43,Graphics Executive,"Creatives (Arts, Design, Fashion)",HRLeverage,Lagos,"22nd December, 2020"
44,Admin / HR Executive,Administration/ Office/ Operations,HRLeverage,Lagos,"22nd December, 2020"
45,Security Engineer,Engineering / Technical,eProcess Consulting Limited,Lagos,"22nd December, 2020"
46,Estate Assistant,Real Estate / Property / Surveying,Olutoyi Estate Development and Services Limited,Lagos,"22nd December, 2020"
47,Retail Store Manager,Supply Chain/ Store,Owens and Xley Consults,Lagos,"22nd December, 2020"
48,Automation Assistant,Engineering / Technical,Owens and Xley Consults,Lagos,"22nd December, 2020"
49,Marketing Officer,Advertising/ Social Media/ Marketing/ PR,Morris Royal Limited,Lagos,"22nd December, 2020"
50,Storekeeper,Supply Chain/ Store,Bukkha Hospitality Limited,Lagos,"22nd December, 2020"
51,Office Manager,Administration/ Office/ Operations,Kolo Express,Oyo,"22nd December, 2020"
52,Business Manager,Sales / Business Development,Olam Nigeria Limited,Abuja,"22nd December, 2020"
53,Head of Sales,Sales / Business Development,A4&T Power Solutions,Lagos,"22nd December, 2020"
54,Executive Assistant,Administration/ Office/ Operations,Nuach Consulting,Abuja,"22nd December, 2020"
55,Medical Sales Representative,Sales / Business Development,Global Oneword Healthcare Limited,Imo,"22nd December, 2020"
56,Senior HR Officer,Human Resources / Recruitment,Idmibok International (360 HSDC),Abuja,"22nd December, 2020"
57,Dispatch Rider,Logistics / Transportation/ Supply,Mileage Courier Services,Lagos,"22nd December, 2020"
59,Marketer,Advertising/ Social Media/ Marketing/ PR,Madas Finance,Lagos,"22nd December, 2020"
60,Female Accountant,Accounting / Audit / Finance,Tenaui Africa Limited,Lagos,"22nd December, 2020"
61,Sales Executive,Sales / Business Development,Mutual Benefits Assurance Plc,Lagos,"22nd December, 2020"
62,Property Officer,Real Estate / Property / Surveying,Alpha Mead Facilities,Lagos,"22nd December, 2020"
63,General / Operations Manager,Executive / Management,Owens and Xley Consults,Lagos,"22nd December, 2020"
64,Accountant,Accounting / Audit / Finance,a reputable company,Lagos,"22nd December, 2020"
65,Marketing Executive,Advertising/ Social Media/ Marketing/ PR,Mutual Benefits Assurance Plc,Osun,"22nd December, 2020"
66,Production Supervisor,Manufacturing / Production,Lorache Group,Ogun,"22nd December, 2020"
67,Compliance Manager,Risk Management / Compliance,Sifax Group,Lagos,"22nd December, 2020"
68,Business Development Manager,Sales / Business Development,Eden Solution and Resources Ltd.,Abuja,"22nd December, 2020"
69,Operation Officer,Project Management,Morris Royal Limited,Lagos,"22nd December, 2020"
70,Technical Assistance / Personal Assistant,Administration/ Office/ Operations,Tekniteed Nigeria Limited,Lagos,"22nd December, 2020"
71,Security Officer,Security / Intelligence,Wan West Security Systems Limited,Lagos,"22nd December, 2020"
72,Full Stack Developer,Software/ Programming / Web development,Asset and Equity Group,Lagos,"22nd December, 2020"
73,Fleet Officer,Logistics / Transportation/ Supply,TABS Logistics,Lagos,"22nd December, 2020"
74,Business Executive,Sales / Business Development,Adron Homes and Properties Limited,Niger,"22nd December, 2020"
75,Farm Accountant,Accounting / Audit / Finance,a reputable company,Imo,"22nd December, 2020"
76,Realtor / Marketer,Advertising/ Social Media/ Marketing/ PR,Pyrafield Homes Limited,Lagos,"22nd December, 2020"
77,Internal Sales Representative,Sales / Business Development,Mantrac,Lagos,"22nd December, 2020"
78,Driver,Driving / Haulage,Fosad Consulting,Abuja,"22nd December, 2020"
79,Brand Promoter,Advertising/ Social Media/ Marketing/ PR,Conglomerate Associate Nigeria Limited,Lagos,"22nd December, 2020"
80,Theater Nurse,Medical/ Healthcare / Pharmaceutical,Abuja Clinics,Abuja,"22nd December, 2020"
81,Terminal / Station Assistant,Logistics / Transportation/ Supply,Transport Services Limited,Lagos,"22nd December, 2020"
82,Head of Compliance,Risk Management / Compliance,PricewaterhouseCooper (PwC),Lagos,"22nd December, 2020"
86,Territory Sales Manager,Sales / Business Development,Willers Solutions Limited,Lagos,"22nd December, 2020"
87,Finance & Accounts Officer,Accounting / Audit / Finance,a reputable Oil and Gas company,Rivers (PH),"22nd December, 2020"
88,Filling Station Accountant,Accounting / Audit / Finance,a reputable Oil and Gas company,Rivers (PH),"22nd December, 2020"
89,Marketing Officer,Advertising/ Social Media/ Marketing/ PR,ARM Life Plc,Lagos,"22nd December, 2020"
91,Data Analyst,Analyst/ Quality Control,First Choice Leasing Limited,Lagos,"22nd December, 2020"
92,Secretary,Administration/ Office/ Operations,First Choice Leasing Limited,Lagos,"22nd December, 2020"
93,IT Specialist,Information Technology / ICT,Olutoyi Estate Development and Services Limited,Lagos,"22nd December, 2020"
94,Sales Officer,Sales / Business Development,Olutoyi Estate Development and Services Limited,Lagos,"22nd December, 2020"
96,Graphics and Creative Designer,Information Technology / ICT,Baynet Fuse Limited,Lagos,"21st December, 2020"
97,Art and Music Instructor,Education / Teaching / Training,synapse services,Abuja,"21st December, 2020"
99,Teller / Loan Officer,Banking / Insurance,Gemstone Financial Services Limited,Plateau,"21st December, 2020"
100,Baker,Hospitality / Food Services,Bukkha Hospitality Limited,Lagos,"21st December, 2020"
101,Finance Manager,Accounting / Audit / Finance,Emily Karah,Lagos,"21st December, 2020"
102,Waiter / Waitress,Hospitality / Food Services,Box Residence Hotel & Apartment,Lagos,"21st December, 2020"
103,Java / .Net Developer,Software/ Programming / Web development,Growth in Value Alliance,Lagos,"21st December, 2020"
104,Secretary,Administration/ Office/ Operations,Emily Karah,Lagos,"21st December, 2020"
105,Part-time / Freelance Lawyer,Legal / Law,Mahabir Industries & Allied Works Pvt. Limited,Abuja,"21st December, 2020"
106,Mechanical Supervisor,Engineering / Technical,DexNova,Rivers (PH),"21st December, 2020"
107,Administrative / Office Manager,Administration/ Office/ Operations,Sunrose Consulting Limited,Abuja,"21st December, 2020"
108,Operation Officer,Project Management,Vincintore Limited,Lagos,"21st December, 2020"
109,Marketing / Business Development Executive,Advertising/ Social Media/ Marketing/ PR,Jordan Brooke Estates,Lagos,"21st December, 2020"
110,Dispatch Rider,Logistics / Transportation/ Supply,Vincintore Limited,Lagos,"21st December, 2020"
111,Medical Sales Representative,Medical/ Healthcare / Pharmaceutical,DKT INTERNATIONAL,Kaduna,"21st December, 2020"
112,Social Media Executive,Advertising/ Social Media/ Marketing/ PR,Vasiti Dotcom,Lagos,"21st December, 2020"
113,Marketing Manager,Advertising/ Social Media/ Marketing/ PR,Lorache Group,Lagos,"21st December, 2020"
114,Account Officer,Accounting / Audit / Finance,Lorache Group,Abuja,"21st December, 2020"
115,Business Development Manager,Sales / Business Development,Beebeejump,Bayelsa,"21st December, 2020"
116,Production Supervisor,Manufacturing / Production,Proten International,Ogun,"21st December, 2020"
117,Online Sales Coordinator,Sales / Business Development,Nard Pharmacy & Stores Limited,Lagos,"21st December, 2020"
118,Content Creator,Advertising/ Social Media/ Marketing/ PR,Tekniteed Nigeria Limited,Lagos,"21st December, 2020"
119,Field Sales Executive,Sales / Business Development,Beebeejump,Akwa ibom,"21st December, 2020"
120,Logistics Manager,Logistics / Transportation/ Supply,ROYAL TOUCH INTEGRATED RESOURCES LTD,Lagos,"21st December, 2020"
121,Quality Control Officer,Analyst/ Quality Control,ROYAL TOUCH INTEGRATED RESOURCES LTD,Lagos,"21st December, 2020"
122,Financial Accountant,Accounting / Audit / Finance,a reputable company,Lagos,"21st December, 2020"
123,"Laptop, UPS and Printers Engineer",Engineering / Technical,Coniah Systems Support Limited,Lagos,"21st December, 2020"
125,IT Technical Support Officer,Information Technology / ICT,TippyToes Kidcare,Abuja,"21st December, 2020"
126,Pharmacist,Medical/ Healthcare / Pharmaceutical,Elduke Ventures,Rivers (PH),"21st December, 2020"
127,Assistant Sales & Marketing Officer,Advertising/ Social Media/ Marketing/ PR,Merit Telecoms Nigeria Limited,Lagos,"21st December, 2020"
128,Junior IT Support Staff,Information Technology / ICT,Hotel Bon Voyage,Lagos,"21st December, 2020"
130,Direct Sales Agent,Sales / Business Development,Altara Credit Limited,Oyo,"21st December, 2020"
131,Chartered Accountant,Accounting / Audit / Finance,Aeti Power Systems and Controls Limited,Lagos,"21st December, 2020"
133,Internal Security Officer,Security / Intelligence,Hubmart Stores Limited,Lagos,"21st December, 2020"
134,Female Sales Representative,Sales / Business Development,Saint Flairs Awards Ltd,Lagos,"21st December, 2020"
135,Quality Control Officer,Analyst/ Quality Control,Proten International,Lagos,"21st December, 2020"
136,Driver,Driving / Haulage,Revolutions Consulting and Environmental Services,Lagos,"21st December, 2020"
137,HR / Admin Manager (FinTech),Administration/ Office/ Operations,Don Quester Consulting,Lagos,"21st December, 2020"
138,Graphic Artist,Information Technology / ICT,Vtpass.com,Lagos,"21st December, 2020"
139,Personal Driver,Driving / Haulage,Proten International,Lagos,"21st December, 2020"
140,Store Keeper,Supply Chain/ Store,Proten International,Lagos,"21st December, 2020"
142,Procurement Officer,Procurement/ Purchasing,Proten International,Lagos,"21st December, 2020"
143,Customer Service Officer (Logistics),Customer Service,Quicky Dispatch International,Lagos,"21st December, 2020"
144,Senior Human Resources Officer,Human Resources / Recruitment,Nicole Sinclair,Lagos,"21st December, 2020"
145,Clinical Psychologist,Medical/ Healthcare / Pharmaceutical,The Olive Prime Psychological Services,Lagos,"21st December, 2020"
146,Operations Officer,Project Management,Quicky Dispatch International,Lagos,"21st December, 2020"
147,Car Driver,Driving / Haulage,Recore Limited,Oyo,"21st December, 2020"
148,Account Officer,Accounting / Audit / Finance,Aeti Power Systems and Controls Limited,Lagos,"21st December, 2020"
149,Warehouse Manager,Supply Chain/ Store,The People Impact Company,Abuja,"21st December, 2020"
150,Business Development Officer,Sales / Business Development,RodNorth Nigeria Limited,Lagos,"21st December, 2020"
151,Risk and Audit Executive,Risk Management / Compliance,Courierplus Services Limited,Lagos,"21st December, 2020"
153,"Head, IT / Business Innovation",Information Technology / ICT,Vincintore Limited,Lagos,"21st December, 2020"
154,Digital Marketing Executive,Advertising/ Social Media/ Marketing/ PR,Greenswealth Corporate Services Limited,Lagos,"21st December, 2020"
155,Secretary,Administration/ Office/ Operations,Morayo Lebi & Co.,Lagos,"19th December, 2020"
156,Legal Officer,Legal / Law,a reputable Oil and Gas company,Lagos,"19th December, 2020"
157,Accountant,Accounting / Audit / Finance,Top Nas Business Ventures,Lagos,"19th December, 2020"
159,Internal Auditor,Accounting / Audit / Finance,CoralPay Technology (Nig) Limited,Lagos,"19th December, 2020"
160,Finance Manager,Accounting / Audit / Finance,Chemonics International,Abuja,"19th December, 2020"
161,Marketer,Advertising/ Social Media/ Marketing/ PR,Top Nas Business Ventures,Lagos,"19th December, 2020"
162,Network Administrator,Engineering / Technical,CoralPay Technology (Nig) Limited,Lagos,"19th December, 2020"
163,Night Auditor,Accounting / Audit / Finance,Morgan Omonitan & Abe Limited,Lagos,"19th December, 2020"
164,Business Development Manager,Sales / Business Development,Save the Children,Abuja,"19th December, 2020"
165,Financial Planner,Accounting / Audit / Finance,NSIA Insurance,Lagos,"19th December, 2020"
166,Solution Architect,Telecommunications,Ericsson Nigeria,Lagos,"19th December, 2020"
167,Plant Manager,Engineering / Technical,Adexen Recruitment Agency,Lagos,"19th December, 2020"
168,General Manager,Executive / Management,Adexen Recruitment Agency,Lagos,"19th December, 2020"
169,Sales Representative,Sales / Business Development,a reputable company,Lagos,"19th December, 2020"
170,Key Account Manager,Accounting / Audit / Finance,a reputable company,Abuja,"19th December, 2020"
171,Bakery Products Finishing Officer,Hospitality / Food Services,Invent Alliance Limited,Lagos,"19th December, 2020"
172,Production Manager,Manufacturing / Production,a reputable company,Lagos,"19th December, 2020"
173,Head of Academics (HOA),Education / Teaching / Training,Padoserve Limited,Rivers (PH),"19th December, 2020"
174,Investment Associate,Accounting / Audit / Finance,Oxford Providence Jasmine Partners,Lagos,"19th December, 2020"
176,Floor Sales Representative,Sales / Business Development,Altara Credit Limited,Oyo,"19th December, 2020"
177,Recovery Agent,Accounting / Audit / Finance,Altara Credit Limited,Oyo,"19th December, 2020"
178,Operations / Factory Manager,Project Management,Candor Consulting,Oyo,"19th December, 2020"
179,Data Analyst / Processor,Analyst/ Quality Control,UnoCasa Limited,Lagos,"19th December, 2020"
180,Perioperative Nurse,Medical/ Healthcare / Pharmaceutical,PEARLDROPS HEALTHCARE STAFFING,Lagos,"19th December, 2020"
181,Mathematics Instructor,Education / Teaching / Training,Dominion Consulting Nigeria,Lagos,"19th December, 2020"
182,Hotel Cleaner,Domestic / Janitorial Services,GreyStone Consulting Limited,Lagos,"19th December, 2020"
183,Account Officer,Accounting / Audit / Finance,Myrtle Management Consultants,Lagos,"19th December, 2020"
185,Customer Support Specialist,Customer Service,Bolt,Lagos,"18th December, 2020"
186,Receptionist,Administration/ Office/ Operations,Emily Karah,Lagos,"18th December, 2020"
187,Marketing Associate,Advertising/ Social Media/ Marketing/ PR,Workforce Group,Lagos,"18th December, 2020"
188,Graduate Medical Representative,Medical/ Healthcare / Pharmaceutical,Sanofi Nigeria,Lagos,"18th December, 2020"
189,Human Resources Generalist,Human Resources / Recruitment,BAO Systems,Abuja,"18th December, 2020"
190,Engineer,Engineering / Technical,Lateejay Nigeria Limited,Abuja,"18th December, 2020"
191,Business Manager,Sales / Business Development,Leads Legacy School,Lagos,"18th December, 2020"
192,Senior Software Engineer (Python / Django),Engineering / Technical,Rebasive Technologies,Lagos,"18th December, 2020"
193,Lead Data Scientist,Information Technology / ICT,Signal Alliance,Lagos,"18th December, 2020"
194,Lawyer,Legal / Law,Lex Artifex LLP,Abuja,"18th December, 2020"
195,Senior Front End Developer,Software/ Programming / Web development,Techie Planet Limited,Lagos,"18th December, 2020"
196,FullStack Web Developer (React Native),Software/ Programming / Web development,AFTJ Digital Marketing,Lagos,"18th December, 2020"
197,Security Assistant,Security / Intelligence,Redline Logistics Nigeria Limited,Lagos,"18th December, 2020"
198,Bakery Sales Driver,Driving / Haulage,Invent Alliance Limited,Lagos,"18th December, 2020"
199,Offshore Heat Exchanger Superintendent,Engineering / Technical,SPIE Oil & Gas,Lagos,"18th December, 2020"
201,Health and Safety Officer,HSE / Safety Management,Snail Rearing and Agro Products Limited,Lagos,"18th December, 2020"
202,Trainee Customer Executive,Customer Service,Laundryspecial,Lagos,"18th December, 2020"
203,Sales Representative,Sales / Business Development,TIJMAF INNOVATION SERVICES,Lagos,"18th December, 2020"
204,Electrical Engineer,Engineering / Technical,HHH-Technology Limited,Lagos,"18th December, 2020"
205,Graduate Admin / Accounts Officer,Accounting / Audit / Finance,Kreativ Finance,Lagos,"18th December, 2020"
206,Furniture Designer,Building Design / Architecture,Firat Building Materials,Abuja,"18th December, 2020"
207,UI / UX Designer,Software/ Programming / Web development,ByteWorks Technology Solutions,Abuja,"18th December, 2020"
208,Advertising Manager,Advertising/ Social Media/ Marketing/ PR,TIJMAF INNOVATION SERVICES,Lagos,"18th December, 2020"
209,Software Developer / Software Engineer,Software/ Programming / Web development,ByteWorks Technology Solutions,Abuja,"18th December, 2020"
210,Human Resources Officer,Human Resources / Recruitment,Global Oneword Healthcare Limited,Lagos,"18th December, 2020"
211,Automation Engineer,Engineering / Technical,Seven Up Bottling Company,Lagos,"18th December, 2020"
212,Sales Executive,Sales / Business Development,Aureole Consulting,Rivers (PH),"18th December, 2020"
213,Bartender,Hospitality / Food Services,Aureole Consulting,Rivers (PH),"18th December, 2020"
214,Receptionist,Administration/ Office/ Operations,Creativity Unisex Salon,Lagos,"18th December, 2020"
215,Marketing Manager,Advertising/ Social Media/ Marketing/ PR,Creativity Unisex Salon,Lagos,"18th December, 2020"
216,Cylinder Technician / Expert,Technicians,S.Lloyd Limited,Lagos,"18th December, 2020"
217,Store Manager,Supply Chain/ Store,Food and Confectionery,Kaduna,"18th December, 2020"
218,Marketing Officer,Advertising/ Social Media/ Marketing/ PR,Eden Solution and Resources Ltd.,Abuja,"18th December, 2020"
219,Travel Service Manager,Logistics / Transportation/ Supply,De Raph City Travel and Tour,Lagos,"18th December, 2020"
220,Accounting Officer,Accounting / Audit / Finance,Geymay Industries Limited,Imo,"18th December, 2020"
222,Customer Service Representative,Customer Service,Bethsaida Group of Companies,Lagos,"18th December, 2020"
223,Full-stack Developer,Software/ Programming / Web development,Seven Up Bottling Company,Lagos,"18th December, 2020"
224,Business Development / Ecommerce Strategist,Sales / Business Development,ICT CART LIMITED,Lagos,"18th December, 2020"
226,Business Development Manager,Sales / Business Development,Chibeco Oil and Gas,Rivers (PH),"18th December, 2020"
227,Experienced Chartered Accountant,Accounting / Audit / Finance,Chibeco Oil and Gas,Rivers (PH),"18th December, 2020"
228,Mechanical Engineer,Engineering / Technical,Geymay Industries Limited,Lagos,"18th December, 2020"
229,Experienced Chef,Hospitality / Food Services,Chibeco Oil and Gas,Rivers (PH),"18th December, 2020"
230,Quality Assurance Officer,Analyst/ Quality Control,Geymay Industries Limited,Imo,"18th December, 2020"
231,Business Development/ Marketing Executive,Advertising/ Social Media/ Marketing/ PR,Digital AD Planet,Lagos,"18th December, 2020"
232,IP Engineer,Engineering / Technical,Vobiss Gridworx Nigeria Limited,Lagos,"18th December, 2020"
233,Business Development Officer,Sales / Business Development,a reputable company,Abuja,"18th December, 2020"
234,Office Assistant,Administration/ Office/ Operations,Willers Solutions Limited,Lagos,"18th December, 2020"
235,Receptionist / Office Manager,Administration/ Office/ Operations,Cannon Projects (CP),Abuja,"18th December, 2020"
236,Farm Accountant,Accounting / Audit / Finance,A reputable Farm,Lagos,"18th December, 2020"
237,Network Operations Access Manager,Information Technology / ICT,e.Stream Networks,Lagos,"18th December, 2020"
238,Business Development Executive,Sales / Business Development,IntelFort Limited,Lagos,"18th December, 2020"
239,Female Accounts Officer (Tally),Accounting / Audit / Finance,Ascentech Services Limited,Abia,"18th December, 2020"
240,Sales Coordinator,Sales / Business Development,Royal Power and Energy Limited,Lagos,"18th December, 2020"
241,Direct Sales Agent,Sales / Business Development,Parizzo,Lagos,"18th December, 2020"
242,Hotel Manager,Hospitality / Food Services,Associates Consulting Limited,Lagos,"18th December, 2020"
243,Senior IP Engineer,Engineering / Technical,Vobiss Gridworx Nigeria Limited,Lagos,"18th December, 2020"
244,Telecom Engineer,Engineering / Technical,Vobiss Gridworx Nigeria Limited,Lagos,"18th December, 2020"
246,IT Training Coordinator,Information Technology / ICT,Sophia ERP Limited,Lagos,"17th December, 2020"
247,Driver,Driving / Haulage,Corporate Headhunters Limited,Lagos,"17th December, 2020"
248,Sales Associate,Sales / Business Development,Aureole Consulting,Lagos,"17th December, 2020"
249,Dispatch Driver,Logistics / Transportation/ Supply,Outsource Africa,Lagos,"17th December, 2020"
250,Truck Driver,Driving / Haulage,Sayed Farms Limited,Lagos,"17th December, 2020"
253,General Manager,Executive / Management,Tyrbats Nigeria Limited,Lagos,"17th December, 2020"
255,Procurement Manager,Procurement/ Purchasing,Adexen Recruitment Agency,Lagos,"17th December, 2020"
256,Nursery Teacher,Education / Teaching / Training,Silverwood School,Lagos,"17th December, 2020"
257,New Business Development Manager,Sales / Business Development,Kantar,Lagos,"17th December, 2020"
258,Experienced Marketer,Advertising/ Social Media/ Marketing/ PR,Mosgbenks Global Services Limited (MGS),Lagos,"17th December, 2020"
259,Driver,Driving / Haulage,Revolutions Consulting and Environmental Services,Lagos,"17th December, 2020"
260,Quality Management System Personnel,Analyst/ Quality Control,Transsion Holdings,Lagos,"17th December, 2020"
261,Account / Admin Officer,Accounting / Audit / Finance,Revolutions Consulting and Environmental Services,Lagos,"17th December, 2020"
262,Microbiologist,Medical/ Healthcare / Pharmaceutical,Whitfield Ventures Limited,Lagos,"17th December, 2020"
263,Creative Graphic Designer,Information Technology / ICT,ChamsAccess Limited,Lagos,"17th December, 2020"
264,Relationship Manager,Customer Service,Dominion Consulting Nigeria,Lagos,"17th December, 2020"
265,Female Office Assistant / Cook,Administration/ Office/ Operations,Compovine Technologies Limited,Lagos,"17th December, 2020"
267,Executive Assistant,Administration/ Office/ Operations,a reputable Oil and Gas company,Lagos,"17th December, 2020"
268,ICT Tutor,Education / Teaching / Training,Dansol High School,Lagos,"17th December, 2020"
269,Personal Assistant,Secretarial / PA,Prestigious Consulting,Lagos,"17th December, 2020"
270,Admission / Administrative Assistant,Administration/ Office/ Operations,Prestigious Consulting,Lagos,"17th December, 2020"
271,Humanities Teacher,Education / Teaching / Training,The Riverbank School,Lagos,"17th December, 2020"
272,Marketing Executive,Advertising/ Social Media/ Marketing/ PR,Smart Partners Consulting Limited,Lagos,"17th December, 2020"
273,Web Developer,Software/ Programming / Web development,Seven Up Bottling Company Plc,Lagos,"17th December, 2020"
274,Business Strategist,Sales / Business Development,De Koolar Nigeria Limited,Lagos,"17th December, 2020"
275,Sales Executive,Sales / Business Development,DU opensource Limited,Lagos,"17th December, 2020"
276,Graphics Designer,Information Technology / ICT,VAAD Media,Lagos,"17th December, 2020"
277,Experienced Driver,Driving / Haulage,Nellyani Properties & Investment Limited,Abuja,"17th December, 2020"
279,Creative Writing Tutor,Freelance / Data Entry,Letterworks,Lagos,"17th December, 2020"
280,Accounting Officer / Stock Operator,Accounting / Audit / Finance,Sayed Farms Limited,Lagos,"17th December, 2020"
282,Financial Accountant,Accounting / Audit / Finance,KrisBethel International School,Lagos,"17th December, 2020"
283,Registered Nurse,Medical/ Healthcare / Pharmaceutical,KrisBethel International School,Lagos,"17th December, 2020"
284,Telecom Field Engineer,Engineering / Technical,Westfield Consulting Limited,Lagos,"17th December, 2020"
285,Online Reporter,Media / Art / Entertainment,Innovative Media,Abuja,"17th December, 2020"
286,Interior Designer,Building Design / Architecture,Apata and Ascott Limited,Lagos,"17th December, 2020"
287,Customer Service Professional,Customer Service,Westfield Consulting Limited,Lagos,"17th December, 2020"
288,IT Manager,Information Technology / ICT,Westfield Consulting Limited,Lagos,"17th December, 2020"
289,Maintenance Technician,Engineering / Technical,Lateejay Nigeria Limited,Lagos,"17th December, 2020"
290,Project Engineer,Engineering / Technical,Lateejay Nigeria Limited,Lagos,"17th December, 2020"
291,Production Manager,Manufacturing / Production,Virgin Beauty Industries Nigeria Limited,Ogun,"17th December, 2020"
292,Cleaner,Domestic / Janitorial Services,Quicker Freight,Lagos,"17th December, 2020"
293,Dispatch Rider,Logistics / Transportation/ Supply,Quicker Freight,Lagos,"17th December, 2020"
294,Quality Assurance Officer,Analyst/ Quality Control,Lateejay Nigeria Limited,Lagos,"17th December, 2020"
295,Area Sales Manager,Sales / Business Development,Recore Limited,Lagos,"17th December, 2020"
296,Female Shop Floor Sales Representative,Sales / Business Development,Artee Group,Lagos,"17th December, 2020"
297,Key Account Manager,Accounting / Audit / Finance,Recore Limited,Lagos,"17th December, 2020"
298,Class Assistant,Education / Teaching / Training,Imaginations School,Lagos,"17th December, 2020"
299,Graphics Designer,Information Technology / ICT,a Real Estate Compnany,Abuja,"17th December, 2020"
300,HR Assistant,Human Resources / Recruitment,Goldline Nigeria Limited,Lagos,"17th December, 2020"
301,General Manager,Executive / Management,Goldline Nigeria Limited,Lagos,"17th December, 2020"
302,Accounts Officer (Chartered),Accounting / Audit / Finance,a reputable company,Lagos,"17th December, 2020"
303,Sales Executive,Sales / Business Development,Magmimi world,Lagos,"17th December, 2020"
304,Operations Officer,Project Management,Eden Solution and Resources Ltd.,Abuja,"17th December, 2020"
308,Nursery Teacher,Education / Teaching / Training,Titsall Global School,Abuja,"16th December, 2020"
309,Client Service Officer,Customer Service,Sales Force Consulting,Anambra,"16th December, 2020"
310,Accounting Officer,Accounting / Audit / Finance,Sales Force Consulting,Anambra,"16th December, 2020"
311,Night Auditor,Accounting / Audit / Finance,Morgan Omonitan & Abe Limited,Lagos,"16th December, 2020"
312,Backend Engineer,Engineering / Technical,Jetiffy Limited,Lagos,"16th December, 2020"
313,Production Manager,Manufacturing / Production,Openemployment.ng,Lagos,"16th December, 2020"
314,Sales Executive,Sales / Business Development,Mutual Benefits Assurance Plc,Lagos,"16th December, 2020"
315,Front Desk / Office Assistant,Administration/ Office/ Operations,Virgin Beauty Industries Nigeria Limited,Lagos,"16th December, 2020"
316,Hotel Manager,Hospitality / Food Services,GreyStone Consulting Limited,Lagos,"16th December, 2020"
317,Floor Sales Representative,Sales / Business Development,Altara Credit Limited,Oyo,"16th December, 2020"
318,Business Development Manager,Sales / Business Development,Openemployment.ng,Lagos,"16th December, 2020"
319,Business Development Officer,Sales / Business Development,UnoCasa Limited,Lagos,"16th December, 2020"
320,Professional Video Editor,Media / Art / Entertainment,CL Communications,Lagos,"16th December, 2020"
321,Store Manager,Supply Chain/ Store,Owens and Xley Consults,Lagos,"16th December, 2020"
322,Retail Store Supervisor,Supply Chain/ Store,Owens and Xley Consults,Lagos,"16th December, 2020"
323,Data Analyst / Processor,Analyst/ Quality Control,UnoCasa Limited,Lagos,"16th December, 2020"
324,Business Development Manager,Sales / Business Development,Janchine Nigeria Limited,Lagos,"16th December, 2020"
325,Customer Care Representative,Customer Service,Canpel Revenue Services,Lagos,"16th December, 2020"
326,Project Manager,Project Management,Zetech Oil Services,Abuja,"16th December, 2020"
327,Mathematics Instructor,Education / Teaching / Training,Dominion Consulting Nigeria,Lagos,"16th December, 2020"
328,Perioperative Nurse,Medical/ Healthcare / Pharmaceutical,PEARLDROPS HEALTHCARE STAFFING,Lagos,"16th December, 2020"
329,Executive Assistant,Administration/ Office/ Operations,Velox,Lagos,"16th December, 2020"
330,Finance Manager,Accounting / Audit / Finance,Eunisell,Lagos,"16th December, 2020"
331,Mobile App Developer,Telecommunications,Supermart.ng,Lagos,"16th December, 2020"
332,Marketing Executive,Advertising/ Social Media/ Marketing/ PR,Janchine Nigeria Limited,Lagos,"16th December, 2020"
333,Female Accountant,Accounting / Audit / Finance,Tenaui Africa Limited,Lagos,"16th December, 2020"
336,Director of Studies,Education / Teaching / Training,The Riverbank School,Lagos,"16th December, 2020"
337,HVAC Technician,Engineering / Technical,May & Baker Nigeria Plc,Ogun,"16th December, 2020"
338,Professional Driver,Driving / Haulage,Karisfined Edge Solutions,Lagos,"16th December, 2020"
339,Executive Driver,Driving / Haulage,Brookstone Property Limited,Lagos,"16th December, 2020"
340,School Counselor,Education / Teaching / Training,Eden Solution and Resources Ltd.,Abuja,"16th December, 2020"
341,Investment Analyst,Accounting / Audit / Finance,Bellforte Consulting,Lagos,"16th December, 2020"
342,Software Developer,Software/ Programming / Web development,IntelFort Limited,Lagos,"16th December, 2020"
343,Project Manager,Project Management,IntelFort Limited,Lagos,"16th December, 2020"
345,Security Guard,Security / Intelligence,Smart Logent Security Limited,Lagos,"16th December, 2020"
347,Accountant / Operations Manager,Accounting / Audit / Finance,Owens and Xley Consults,Lagos,"16th December, 2020"
348,General Manager,Executive / Management,PreDiagnosis International,Lagos,"16th December, 2020"
349,Marketing Officer,Advertising/ Social Media/ Marketing/ PR,B.Truss Limited,Imo,"16th December, 2020"
350,Sales Officer,Sales / Business Development,Earth Blend,Lagos,"16th December, 2020"
351,Retail Sales Officer,Sales / Business Development,Heirs Life Assurance Limited,Lagos,"16th December, 2020"
352,Full Stack Engineer,Engineering / Technical,GoGoSmartCities,Abuja,"16th December, 2020"
353,Head of Supply Chain,Supply Chain/ Store,Daystar Power Group,Lagos,"16th December, 2020"
354,Procurement and Logistics Manager,Logistics / Transportation/ Supply,Daystar Power Group,Lagos,"16th December, 2020"
357,Office Administrator (School),Administration/ Office/ Operations,Pukka Logistics & Support Services Limited,Lagos,"16th December, 2020"
359,Human Resources Officer,Human Resources / Recruitment,Erisco Foods Limited,Lagos,"16th December, 2020"
360,Business Executive,Sales / Business Development,Adron Homes and properties Limited,Abuja,"16th December, 2020"
361,Van Sales Driver,Sales / Business Development,Erisco Foods Limited,Lagos,"16th December, 2020"
362,Professional Driver,Driving / Haulage,TwentySix Logistics,Lagos,"16th December, 2020"
363,Operations Manager,Project Management,TwentySix Logistics,Lagos,"16th December, 2020"
364,Sales Executive,Sales / Business Development,REALTY POINT LIMITED,Lagos,"16th December, 2020"
365,Financial Controller,Accounting / Audit / Finance,Bellforte Consulting,Lagos,"15th December, 2020"
367,Digital Sales Manager,Advertising/ Social Media/ Marketing/ PR,Vidoomy,Lagos,"15th December, 2020"
368,Receptionist,Administration/ Office/ Operations,A reputable Hotel,Lagos,"15th December, 2020"
369,Montessori School Head,Education / Teaching / Training,Bachel Group of Schools,Lagos,"15th December, 2020"
370,Admin Officer,Administration/ Office/ Operations,Services Beverages Africa,Lagos,"15th December, 2020"
371,Dispatch Rider,Logistics / Transportation/ Supply,Future Tech Mobility,Lagos,"15th December, 2020"
372,Continental and Africana Chef / Cook,Hospitality / Food Services,Perpetual Taste Fast Food,Rivers (PH),"15th December, 2020"
373,IT System Administrator,Information Technology / ICT,Tek Experts,Lagos,"15th December, 2020"
374,Financial Advisor,Accounting / Audit / Finance,ARM Life Plc,Lagos,"15th December, 2020"
375,Network Sales Specialist,Sales / Business Development,Ericsson,Lagos,"15th December, 2020"
376,Internal Control Officer,Accounting / Audit / Finance,Citygate Global,Lagos,"15th December, 2020"
378,Architectural Designer,Building Design / Architecture,NEXTZON Business Services Limited,Lagos,"15th December, 2020"
379,Recruitment Marketing Personnel,Human Resources / Recruitment,Sigma Consulting Group,Lagos,"15th December, 2020"
380,Quality Control Manager,Analyst/ Quality Control,Services Beverages Africa,Lagos,"15th December, 2020"
381,Business Manager,Sales / Business Development,First Choice International Consulting & Financial Solution Limited,Lagos,"15th December, 2020"
382,Centre Administrator,Administration/ Office/ Operations,ICS Outsourcing,Lagos,"15th December, 2020"
383,Sales Executive,Sales / Business Development,Titsall Global School,Lagos,"15th December, 2020"
384,Finance Officer,Accounting / Audit / Finance,ASIN Integrated Farms,Kano,"15th December, 2020"
385,Security Supervisor,Security / Intelligence,ASIN Integrated Farms,Kano,"15th December, 2020"
386,Quality Control Supervisor,Analyst/ Quality Control,ASIN Integrated Farms,Kano,"15th December, 2020"
387,Back End Developer,Software/ Programming / Web development,Klasha,Lagos,"15th December, 2020"
388,Auditor,Accounting / Audit / Finance,UNILAG Consult Services,Lagos,"15th December, 2020"
389,Accountant,Accounting / Audit / Finance,Madas Finance,Lagos,"15th December, 2020"
390,Customer Service Officer,Customer Service,Madas Finance,Lagos,"15th December, 2020"
391,Office Assistant,Administration/ Office/ Operations,Buckler Ordnance Systems Limited,Lagos,"15th December, 2020"
392,Human Resources Officer,Human Resources / Recruitment,Compovine Technologies Limited,Lagos,"15th December, 2020"
395,Business Development Officer - SIIBL,Sales / Business Development,Stanbic IBTC Bank,Lagos,"15th December, 2020"
396,Accountant,Accounting / Audit / Finance,Titsall Global School,Abuja,"15th December, 2020"
398,Digital Marketer and Sales Person,Advertising/ Social Media/ Marketing/ PR,Aideplanet Limited,Lagos,"15th December, 2020"
399,Accountant,Accounting / Audit / Finance,Amagbuz Venture,Kwara,"15th December, 2020"
400,Sales Representative,Sales / Business Development,ARM Life Plc,Lagos,"15th December, 2020"
401,Product Manager,Advertising/ Social Media/ Marketing/ PR,Afrab Chem Limited,Lagos,"15th December, 2020"
403,Maintenance Officer,Engineering / Technical,LSG Sky Chefs Things Remembered Services FZE,Lagos,"15th December, 2020"
404,Project Manager,Project Management,DexNova,Rivers (PH),"15th December, 2020"
406,Mechanical Instructor,Education / Teaching / Training,Michael Stevens Consulting,Lagos,"15th December, 2020"
407,Operations Manager,Project Management,vasiti.com,Lagos,"15th December, 2020"
408,Content Editor / QA,Freelance / Data Entry,Tek Experts,Abuja,"15th December, 2020"
409,Manager,Executive / Management,Amagbuz Venture,Kwara,"15th December, 2020"
410,Driver,Driving / Haulage,Orfema Pharmaceutical Industry Limited,Lagos,"15th December, 2020"
411,Corporate Driver,Driving / Haulage,Michael Stevens Consulting,Rivers (PH),"15th December, 2020"
412,Sales Representative,Sales / Business Development,Fadac Resources and Services,Abuja,"15th December, 2020"
413,Professional Driver,Driving / Haulage,Tenaui Africa Limited,Lagos,"15th December, 2020"
414,Electrical / Electronic Instructor,Engineering / Technical,Michael Stevens Consulting,Lagos,"15th December, 2020"
415,Field Sales Executive,Sales / Business Development,Mittwash Laundry Services,Lagos,"15th December, 2020"
416,Finance and Admin Assistant,Accounting / Audit / Finance,International Medical Corps,Abuja,"15th December, 2020"
417,Field Marketing Specialist,Advertising/ Social Media/ Marketing/ PR,Oracle Nigeria,Abuja,"15th December, 2020"
418,Production Pharmacist,Medical/ Healthcare / Pharmaceutical,Orfema Pharmaceutical Industry Limited,Lagos,"15th December, 2020"
420,Driver,Driving / Haulage,International Business Solutions Limited,Lagos,"15th December, 2020"
421,Marketer,Advertising/ Social Media/ Marketing/ PR,International Business Solutions Limited,Lagos,"15th December, 2020"
422,Sales Representative,Sales / Business Development,Virgin Beauty Industries Nigeria Limited,Lagos,"15th December, 2020"
423,Office / Sales Manager,Sales / Business Development,Virgin Beauty Industries Nigeria Limited,Lagos,"15th December, 2020"
424,Outside Sales Representative,Sales / Business Development,BillyRose Bakeries Confectioneries Limited,Lagos,"15th December, 2020"
426,Associate Financial Advisor,Accounting / Audit / Finance,Old Mutual Nigeria,Abuja,"14th December, 2020"
427,Customer Service Assistant,Customer Service,Tyrbats Nigeria Limited,Lagos,"14th December, 2020"
428,Assistant HR Officer,Human Resources / Recruitment,TeamAce,Lagos,"14th December, 2020"
429,Sales and Marketing Professional,Advertising/ Social Media/ Marketing/ PR,Mentapp Solutions Limited,Lagos,"14th December, 2020"
430,Technical Administrative Assistant,Engineering / Technical,Michael Stevens Consulting,Rivers (PH),"14th December, 2020"
431,Inventory Officer,Supply Chain/ Store,SPM Professionals Limited,Abuja,"14th December, 2020"
432,Secretary,Secretarial / PA,Matoni Consults,Lagos,"14th December, 2020"
433,Marketer,Advertising/ Social Media/ Marketing/ PR,Gemstone Financial Services Limited,Abuja,"14th December, 2020"
434,Secretary,Administration/ Office/ Operations,Bethsaida Group of Companies,Ogun,"14th December, 2020"
435,Human Resource Officer,Human Resources / Recruitment,Bethsaida Group of Companies,Ogun,"14th December, 2020"
436,Sales Executive,Sales / Business Development,Olutoyi Estate Development and Services Limited,Lagos,"14th December, 2020"
437,Internal Audit Officer,Accounting / Audit / Finance,JKLC Professional Services,Lagos,"14th December, 2020"
438,Quantity Surveyor,Analyst/ Quality Control,Willers Solutions Limited,Lagos,"14th December, 2020"
439,Administrative Secretary,Administration/ Office/ Operations,I-Serve Professional Service,Lagos,"14th December, 2020"
440,Executive Assistant,Administration/ Office/ Operations,Snail Rearing and Agro Products Limited,Lagos,"14th December, 2020"
441,Sales Promoter,Sales / Business Development,Ascentech Services Limited,Lagos,"14th December, 2020"
442,Professional Driver,Driving / Haulage,Strongmas Automobile Limited,Lagos,"14th December, 2020"
443,Business Development Manager,Sales / Business Development,IPI PowerTech,Lagos,"14th December, 2020"
444,Dispatch Rider,Logistics / Transportation/ Supply,Swissdarl Freight & Logistics Limited,Lagos,"14th December, 2020"
445,Experienced Diction Teacher,Education / Teaching / Training,Keen British School,Lagos,"14th December, 2020"
446,Accounts and Administrative Officer,Accounting / Audit / Finance,Turahfrique Interiors Limited,Lagos,"14th December, 2020"
447,Principal,Education / Teaching / Training,Blessed Secondary School,Ogun,"14th December, 2020"
448,Commercial Manager,Advertising/ Social Media/ Marketing/ PR,Workforce Group,Abuja,"14th December, 2020"
450,Female Sales Executive,Sales / Business Development,Armorsil West Africa,Lagos,"14th December, 2020"
451,Executive Assistant,Administration/ Office/ Operations,Eden Solution and Resources Ltd.,Abuja,"14th December, 2020"
452,Account Executive,Accounting / Audit / Finance,JKLC Professional Services,Lagos,"14th December, 2020"
453,Medical Officer,Medical/ Healthcare / Pharmaceutical,Prestigious Consulting,Lagos,"14th December, 2020"
454,Technical / Executive Assistant,Administration/ Office/ Operations,a reputable Oil and Gas company,Lagos,"14th December, 2020"
455,Digital Marketer,Advertising/ Social Media/ Marketing/ PR,Bleu Orange,Lagos,"14th December, 2020"
456,Asp .Net Developer,Software/ Programming / Web development,Tezza Business Solutions Limited,Lagos,"14th December, 2020"
458,Software Developer,Software/ Programming / Web development,Coniah Systems Support Limited,Lagos,"14th December, 2020"
459,Locum Pharmacist,Medical/ Healthcare / Pharmaceutical,Remediks,Abuja,"14th December, 2020"
460,Client Relationship Officer,Customer Service,Pruvia Integrated Limited,Lagos,"14th December, 2020"
461,Public Relations Officer,Advertising/ Social Media/ Marketing/ PR,Enoch Stone consulting,Abuja,"14th December, 2020"
462,Biomedical Engineer,Engineering / Technical,Solidarites International,Lagos,"14th December, 2020"
464,Sales Representative,Sales / Business Development,Merit Healthcare Limited,Lagos,"14th December, 2020"
465,Quality Control Officer,Analyst/ Quality Control,Sevan Construction Nigeria Limited,Lagos,"14th December, 2020"
466,Admin Officer,Administration/ Office/ Operations,NENnetworks Nigeria,Lagos,"14th December, 2020"
467,Cleaner,Domestic / Janitorial Services,Idyllic Technologies Limited,Lagos,"14th December, 2020"
468,Consultant,Consulting / Business Strategy/ Planning,GODP,Lagos,"14th December, 2020"
470,HR Business Partner,Human Resources / Recruitment,Telinno Consulting Limited,Lagos,"14th December, 2020"
471,Call Centre Representative,Customer Service,Enoch Stone consulting,Abuja,"14th December, 2020"
473,Editor,Media / Art / Entertainment,May University Press Limited,Lagos,"14th December, 2020"
474,Digital Marketing Executive,Advertising/ Social Media/ Marketing/ PR,First Excelsia Professional Services Limited,Lagos,"14th December, 2020"
475,Travel Agent,Logistics / Transportation/ Supply,Joyinkash Integrated Ventures,Lagos,"14th December, 2020"
476,Key Account Manager,Accounting / Audit / Finance,Telinno Consulting Limited,Lagos,"14th December, 2020"
477,Front End Developer,Software/ Programming / Web development,Polaris Digitech Limited,Lagos,"14th December, 2020"
478,Marketer,Advertising/ Social Media/ Marketing/ PR,GTI Microfinance Bank,Lagos,"14th December, 2020"
480,Receptionist / Frontdesk Officer,Administration/ Office/ Operations,Flone Fair,Lagos,"14th December, 2020"
481,Executive Assistant,Administration/ Office/ Operations,UHR Consult Limited,Abuja,"14th December, 2020"
482,Writer,Freelance / Data Entry,Inter Gap,Abuja,"14th December, 2020"
483,Online Sale Representative,Sales / Business Development,FortunEdge Systems,Lagos,"14th December, 2020"
484,Quality Control Supervisor,Analyst/ Quality Control,Navic Investment Limited,Lagos,"14th December, 2020"
485,Head of Account,Accounting / Audit / Finance,UHR Consult Limited,Abuja,"14th December, 2020"
487,Marketing Partner,Advertising/ Social Media/ Marketing/ PR,Rapholu Publishing Nigeria Company,Abuja,"13th December, 2020"
488,Marketing Partner,Advertising/ Social Media/ Marketing/ PR,Rapholu Publishing Nigeria Company,Abuja,"13th December, 2020"
489,Marketing Partner,Advertising/ Social Media/ Marketing/ PR,Rapholu Publishing Nigeria Company,Abuja,"13th December, 2020"
490,Account Officer,Administration/ Office/ Operations,Denaro Properties Limited,Lagos,"13th December, 2020"
492,Cost Accountant,Accounting / Audit / Finance,Pistachio Associates,Lagos,"13th December, 2020"
493,Dispatch Rider,Logistics / Transportation/ Supply,Libra Motors Limited,Abuja,"13th December, 2020"
494,Business Executive,Sales / Business Development,Denaro Properties Limited,Lagos,"13th December, 2020"
495,Social Media Manager,Advertising/ Social Media/ Marketing/ PR,Kraks Media Limited,Lagos,"13th December, 2020"
496,Business Development Manager,Sales / Business Development,Renda Limited,Lagos,"13th December, 2020"
497,Digital Marketer,Advertising/ Social Media/ Marketing/ PR,FortunEdege Systems,Lagos,"13th December, 2020"
498,Field Accountant,Accounting / Audit / Finance,Winrock International,Abuja,"13th December, 2020"
499,Sales Manager - Commercial Air Conditioner (CAC),Sales / Business Development,Ascentech Services Limited,Lagos,"12th December, 2020"
500,Staff Assistant,Sales / Business Development,PCI Educational Consult Limited,Oyo,"12th December, 2020"
501,Store Supervisor,Supply Chain/ Store,Pistachio Associates,Lagos,"12th December, 2020"
502,Maintenance Manager,Engineering / Technical,SUNDAY TECH,Delta,"12th December, 2020"
503,Female Cashier,Accounting / Audit / Finance,a reputable company,Imo,"12th December, 2020"
507,Copy Editor,Media / Art / Entertainment,Mariabake Media,Kaduna,"12th December, 2020"
508,Dispatch Rider,Logistics / Transportation/ Supply,Redline Logistics Nigeria Limited,Lagos,"12th December, 2020"
509,Social Media Manager,Advertising/ Social Media/ Marketing/ PR,Austin Europe,Lagos,"12th December, 2020"
511,Sales Executive,Sales / Business Development,Busy Minds Consults,Lagos,"12th December, 2020"
512,Sales Executive,Sales / Business Development,BankSome Group of Companies,Lagos,"12th December, 2020"
513,Health and Safety Officer,HSE / Safety Management,Sneakers Home Limited,Kwara,"12th December, 2020"
514,Field Reporter,Media / Art / Entertainment,Mariabake Media,Lagos,"12th December, 2020"
515,Digital Marketing Manager,Advertising/ Social Media/ Marketing/ PR,British American Tobacco,Lagos,"12th December, 2020"
516,UI / UX Designer,Software/ Programming / Web development,FutureX,Oyo,"12th December, 2020"
517,Engineer,Engineering / Technical,Sneakers Home Limited,Abuja,"12th December, 2020"
518,Architect (Entry - Mid level),Building Design / Architecture,Cyprus Cedar,Lagos,"12th December, 2020"
519,Head - Business Operations,Sales / Business Development,JustBrandit Limited,Lagos,"12th December, 2020"
520,Interior Designer,Building Design / Architecture,Sneakers Home Limited,Lagos,"12th December, 2020"
521,Front-end Developer,Software/ Programming / Web development,FutureX,Oyo,"12th December, 2020"
522,Mobile Developer,Software/ Programming / Web development,KitcartHQ,Oyo,"12th December, 2020"
523,Accountant,Accounting / Audit / Finance,McBuddy Group Limited,Lagos,"12th December, 2020"
525,Transport Officer,Logistics / Transportation/ Supply,Ama-zuma Services Ltd.,Lagos,"12th December, 2020"
526,HR Manager,Human Resources / Recruitment,UHR Consult Limited,Delta,"11th December, 2020"
527,Marketing Executive,Advertising/ Social Media/ Marketing/ PR,Pruvia Integrated Limited,Lagos,"11th December, 2020"
528,Admin Officer,Administration/ Office/ Operations,Cyprus Cedar,Lagos,"11th December, 2020"
529,Human Resources Assistant,Human Resources / Recruitment,WhoGoHost,Lagos,"11th December, 2020"
530,Customer Service Support Staff,Customer Service,Workplace Center Limited,Lagos,"11th December, 2020"
531,Accountant,Accounting / Audit / Finance,Okazi Finance Limited,Lagos,"11th December, 2020"
532,Civil Engineer,Engineering / Technical,Enoch Stone consulting,Abuja,"11th December, 2020"
534,Credit Officer,Banking / Insurance,Gemstone Financial Services Limited,Oyo,"11th December, 2020"
535,Marketer,Advertising/ Social Media/ Marketing/ PR,Gemstone Financial Services Limited,Oyo,"11th December, 2020"
536,Savings Collectors,Banking / Insurance,Gemstone Financial Services Limited,Oyo,"11th December, 2020"
537,Videographer,Media / Art / Entertainment,Enoch Stone consulting,Abuja,"11th December, 2020"
538,Security Officer,Security / Intelligence,Enoch Stone consulting,Abuja,"11th December, 2020"
541,Pharmacy Technician,Medical/ Healthcare / Pharmaceutical,CEDARCREST HOSPITALS LIMITED,Lagos,"11th December, 2020"
542,Music Teacher,Education / Teaching / Training,Jesuit Memorial College,Rivers (PH),"11th December, 2020"
543,Chemistry Teacher,Education / Teaching / Training,Jesuit Memorial College,Rivers (PH),"11th December, 2020"
544,Procurement Officer,Procurement/ Purchasing,Artee Group,Lagos,"11th December, 2020"
545,Male Account Officer,Accounting / Audit / Finance,Artee Group,Lagos,"11th December, 2020"
546,Architect Designer,Building Design / Architecture,Artee Group,Lagos,"11th December, 2020"
547,Admin / Marketing Assistant,Administration/ Office/ Operations,Olman Business Solutions (OBS) Limited,Rivers (PH),"11th December, 2020"
548,UI / UX Graphic Designer,Software/ Programming / Web development,Urban Hive Nigeria,Lagos,"11th December, 2020"
549,Flutter Developer,Software/ Programming / Web development,Urban Hive Nigeria,Lagos,"11th December, 2020"
550,Chartered Accountant,Accounting / Audit / Finance,Corporate Headhunters Limited,Lagos,"11th December, 2020"
552,Market Entry Specialist,Advertising/ Social Media/ Marketing/ PR,Welcome2Africa,Abuja,"11th December, 2020"
553,Front Desk Executive,Administration/ Office/ Operations,Revolutionplus Property Development Company Limited,Lagos,"11th December, 2020"
554,Receptionist,Administration/ Office/ Operations,PCI Educational Consult Limited,Oyo,"11th December, 2020"
555,Sales Manager,Sales / Business Development,Great Nigeria Insurance Plc,Oyo,"11th December, 2020"
557,Fashion Buying Assistant,"Creatives (Arts, Design, Fashion)",Ruff n Tumble,Lagos,"11th December, 2020"
558,Marketing Officer,Advertising/ Social Media/ Marketing/ PR,Stalak Industries Limited,Lagos,"11th December, 2020"
560,Driver,Driving / Haulage,Fadac Resources and Services,Lagos,"11th December, 2020"
561,Business Associate,Sales / Business Development,Oxford international Group,Lagos,"11th December, 2020"
564,Retail Sale Associate,Sales / Business Development,Timekeepers International Limited,Abuja,"11th December, 2020"
565,Procurement Specialist,Procurement/ Purchasing,Crown Agents,Abuja,"11th December, 2020"
566,Mechanical Technician,Engineering / Technical,Indorama Eleme Fertilizer & Chemicals Limited (IEFCL),Rivers (PH),"11th December, 2020"
568,Finance Manager,Accounting / Audit / Finance,IPAS,Abuja,"11th December, 2020"
569,IT Technician,Information Technology / ICT,Willers Solutions Limited,Lagos,"11th December, 2020"
571,Logistics Manager,Logistics / Transportation/ Supply,a reputable company,Lagos,"11th December, 2020"
572,Product Sales Executive,Advertising/ Social Media/ Marketing/ PR,Armorsil West Africa,Lagos,"11th December, 2020"
573,Sales Officer,Sales / Business Development,Hillcrest Agro-allied Industries Limited,Abuja,"11th December, 2020"
574,Business Development Executive,Sales / Business Development,Montaigne Place,Lagos,"11th December, 2020"
575,General Manager (Expatriate),Executive / Management,Willers Solutions Limited,Lagos,"11th December, 2020"
576,Human Resources Manager,Human Resources / Recruitment,HCD RoyalConnect Limited,Lagos,"11th December, 2020"
577,Pick-Up Driver,Driving / Haulage,Corporate Headhunters Limited,Lagos,"11th December, 2020"
578,Agronomist / Farm Manager,Agriculture / Agro Allied,Elevation Professionals,Ogun,"11th December, 2020"
579,Treasury Accountant,Accounting / Audit / Finance,Willers Solutions Limited,Lagos,"11th December, 2020"
580,Human Resources Advisor,Human Resources / Recruitment,Genesis Group,Rivers (PH),"11th December, 2020"
582,Sales Representative,Sales / Business Development,Alowiz Publishers Limited,Edo,"11th December, 2020"
583,Admin Officer,Administration/ Office/ Operations,HCD RoyalConnect Limited,Lagos,"11th December, 2020"
584,Dispatch Rider,Logistics / Transportation/ Supply,a reputable company,Lagos,"11th December, 2020"
585,Operations Manager,Project Management,Willers Solutions Limited,Lagos,"11th December, 2020"
588,Personal Assistant,Secretarial / PA,Menzon Nigeria Limited,Abuja,"10th December, 2020"
589,Warehouse Manager,Supply Chain/ Store,Smartflow Technologies Limited,Lagos,"10th December, 2020"
591,Business Development Officer,Sales / Business Development,Accelerex Network Limited,Edo,"10th December, 2020"
592,Procurement Assistant,Procurement/ Purchasing,Team Ace,Lagos,"10th December, 2020"
593,Mechanical Engineer,Engineering / Technical,Smart Logent Security Limited,Edo,"10th December, 2020"
594,Human Resources Officer,Human Resources / Recruitment,Global Oneword Healthcare Limited,Lagos,"10th December, 2020"
595,Accountant,Accounting / Audit / Finance,Team Ace,Lagos,"10th December, 2020"
596,Sales Representative,Sales / Business Development,Speedy EATS NG,Lagos,"10th December, 2020"
597,Graphics Designer,Information Technology / ICT,Team Ace,Lagos,"10th December, 2020"
598,Bartender,Hospitality / Food Services,Aureole Consulting,Rivers (PH),"10th December, 2020"
599,IT Recruitment Officer,Information Technology / ICT,Growth in Value Alliance,Lagos,"10th December, 2020"
600,Sales Executive,Sales / Business Development,Aureole Consulting,Rivers (PH),"10th December, 2020"
601,General Manager,Executive / Management,Lington & Bernie Consulting Limited,Lagos,"10th December, 2020"
602,Senior Full Stack Developer,Software/ Programming / Web development,MasterMindsHRSG,Lagos,"10th December, 2020"
603,Personal Driver,Driving / Haulage,Midaspage & Company,Lagos,"10th December, 2020"
604,Retail Store Manager (Luxury Skincare Company),Supply Chain/ Store,Owens and Xley Consults,Lagos,"10th December, 2020"
605,Executive Assistant,Administration/ Office/ Operations,Lington & Bernie Consulting Limited,Lagos,"10th December, 2020"
606,Sales / Marketing Officer,Advertising/ Social Media/ Marketing/ PR,Me cure Healthcare Limited,Lagos,"10th December, 2020"
607,ICT Secretary,Administration/ Office/ Operations,World Equipment Protection System Limited,Abuja,"10th December, 2020"
608,Civil Engineer,Engineering / Technical,Smart Logent Security Limited,Edo,"10th December, 2020"
609,Technical Sales & Service Engineer,Engineering / Technical,Ascentech Services Limited,Lagos,"10th December, 2020"
610,Estate Surveyor and Valuer,Real Estate / Property / Surveying,Blackcod Asset Management,Lagos,"10th December, 2020"
611,Sales Manager,Sales / Business Development,Blume Nigeria Limited,Lagos,"10th December, 2020"
612,Data Analytics Instructor,Analyst/ Quality Control,NIIT,Lagos,"10th December, 2020"
613,Store Manager,Supply Chain/ Store,Perpetual Taste Fast Food,Rivers (PH),"10th December, 2020"
614,Cost Accountant,Accounting / Audit / Finance,Pistachio Associates,Lagos,"10th December, 2020"
616,Human Resource Manager,Human Resources / Recruitment,Pruvia Integrated Limited,Lagos,"10th December, 2020"
618,Lawyer (NYSC),Legal / Law,Apata and Ascott Limited,Abuja,"10th December, 2020"
619,Sales Van Officer,Sales / Business Development,Speed Access Resources,Lagos,"10th December, 2020"
621,Accountant Executive,Accounting / Audit / Finance,Advanced Concrete Technologies Limited,Lagos,"10th December, 2020"
622,Internal Auditor,Accounting / Audit / Finance,Bellforte Consulting,Lagos,"10th December, 2020"
623,Sales & Business Development Manager,Sales / Business Development,MKOBO MICROFINANCE BANK,Lagos,"10th December, 2020"
625,Accountant,Accounting / Audit / Finance,Amazuma Services Limited,Lagos,"10th December, 2020"
628,Business Marketer,Advertising/ Social Media/ Marketing/ PR,Welcome2Africa,Abuja,"10th December, 2020"
629,Store Officer,Supply Chain/ Store,Premier Specialists Medical Centre,Lagos,"10th December, 2020"
631,Project Manager,Project Management,Zetech Oil Services,Lagos,"10th December, 2020"
632,Business Development Manager,Sales / Business Development,Design Union Limited,Lagos,"10th December, 2020"
633,Offshore Personnel,Engineering / Technical,Zetech Oil Services,Lagos,"10th December, 2020"
634,Backend Developer,Software/ Programming / Web development,Emergency Response Africa (ERA),Lagos,"10th December, 2020"
635,Warehouse Manager,Supply Chain/ Store,Recore Limited,Lagos,"10th December, 2020"
636,Sales Manager,Sales / Business Development,Beebeejump,Delta,"10th December, 2020"
637,Dispatch Rider,Logistics / Transportation/ Supply,Libmot Logistics Limited,Lagos,"10th December, 2020"
638,Administrative Assistant/Accountant,Accounting / Audit / Finance,Welcome2Africa,Abuja,"10th December, 2020"
639,Architect,Building Design / Architecture,Asset and Equity Group,Lagos,"10th December, 2020"
640,Procurement Officer,Procurement/ Purchasing,Libra Motors Limited,Lagos,"10th December, 2020"
641,Full Stack Developer,Software/ Programming / Web development,Libra Motors Limited,Lagos,"10th December, 2020"
642,Restaurant Auditor,Accounting / Audit / Finance,Pragmatic Technologies Limited,Lagos,"10th December, 2020"
643,Manager,Executive / Management,Amagbuz Venture,Lagos,"10th December, 2020"
644,Front End Developer,Software/ Programming / Web development,Kraks Media Limited,Lagos,"10th December, 2020"
645,Logistics Manager,Logistics / Transportation/ Supply,Recore Limited,Lagos,"10th December, 2020"
646,Human Resources Officer,Human Resources / Recruitment,Bolton White Hotels / Apartments,Abuja,"10th December, 2020"
647,Dispatch Rider,Logistics / Transportation/ Supply,Willers Solutions Limited,Lagos,"9th December, 2020"
648,Driver,Driving / Haulage,Strugz,Lagos,"9th December, 2020"
649,Head of Nursery,Education / Teaching / Training,A reputable school,Lagos,"9th December, 2020"
650,Sales and Marketing Executive,Advertising/ Social Media/ Marketing/ PR,Erisco Foods Limited,Sokoto,"9th December, 2020"
652,Class Teacher,Education / Teaching / Training,A reputable school,Lagos,"9th December, 2020"
653,Real Estate Advisor,Real Estate / Property / Surveying,Blackcod Asset Management,Lagos,"9th December, 2020"
654,Graphic Design Executive,Information Technology / ICT,School kit limited,Lagos,"9th December, 2020"
655,Female Office Assistant,Administration/ Office/ Operations,MediGold Electro-Med Equipment company,Lagos,"9th December, 2020"
656,Office Assistant,Administration/ Office/ Operations,WEMIMO OGUNDE AND CO,Lagos,"9th December, 2020"
657,Business Development Executive,Sales / Business Development,BankSome Group of Companies,Lagos,"9th December, 2020"
658,Quality Assurance Manager,Analyst/ Quality Control,Reckiit Benckiser,Lagos,"9th December, 2020"
659,Car AC Technician,Automotive/ Car Services,Strongmas Automobile Limited,Lagos,"9th December, 2020"
660,IT Operational / Social Media Manager,Information Technology / ICT,Pruvia Integrated Limited,Lagos,"9th December, 2020"
661,Auto Electrician / Rewire,Engineering / Technical,Strongmas Automobile Limited,Lagos,"9th December, 2020"
662,Studio Photographer,Media / Art / Entertainment,Elite Studio Nigeria,Lagos,"9th December, 2020"
663,Class Teacher,Education / Teaching / Training,Liham Schools,Lagos,"9th December, 2020"
664,Technical Assistant,Engineering / Technical,a reputable company,Lagos,"9th December, 2020"
665,Customer Service Representative,Customer Service,Marian And Daniels Ventures,Lagos,"9th December, 2020"
666,Health Practitioner,Medical/ Healthcare / Pharmaceutical,Phyto Science,Lagos,"9th December, 2020"
667,Driver,Driving / Haulage,Tenaui Africa Limited,Lagos,"9th December, 2020"
668,Customer Success Specialist,Customer Service,Indicina,Abuja,"9th December, 2020"
669,"Head, Procurement Officer",Procurement/ Purchasing,Landover Company Limited,Lagos,"9th December, 2020"
674,Retail Support Staff,Sales / Business Development,School kit limited,Lagos,"9th December, 2020"
675,Insurance Advisor,Banking / Insurance,Leadway Assurance Company Limited,Lagos,"9th December, 2020"
676,Financial Controller,Accounting / Audit / Finance,a reputable company,Delta,"9th December, 2020"
677,Account Manager,Accounting / Audit / Finance,Estrada International Staffing Solutions,Abuja,"9th December, 2020"
678,Java Trainer,Software/ Programming / Web development,Meridian Technologies Limited,Abuja,"9th December, 2020"
679,Business Development Manager,Sales / Business Development,Estrada International Staffing Solutions,Lagos,"9th December, 2020"
682,Digital Marketing Executive,Advertising/ Social Media/ Marketing/ PR,Zino Aviation,Abuja,"9th December, 2020"
683,Receptionist / Customer Service Executive,Administration/ Office/ Operations,Bachel Group of Schools,Lagos,"9th December, 2020"
684,Marketing Executive,Advertising/ Social Media/ Marketing/ PR,Oxford international Group,Lagos,"9th December, 2020"
685,Administrative Assistant,Administration/ Office/ Operations,Landover Company Limited,Lagos,"9th December, 2020"
688,Sales Expert,Sales / Business Development,a reputable company,Lagos,"9th December, 2020"
690,Marketing Manager,Advertising/ Social Media/ Marketing/ PR,Bookminders Nigeria,Lagos,"9th December, 2020"
691,Recovery Agent,Accounting / Audit / Finance,Altara Credit Limited,Oyo,"9th December, 2020"
692,Personal Assistant,Legal / Law,A reputable Real Estate firm,Lagos,"9th December, 2020"
693,Dispatch Rider,Logistics / Transportation/ Supply,NENnetworks Nigeria,Lagos,"9th December, 2020"
694,Operations Director,Project Management,Michael Stevens Consulting,Lagos,"9th December, 2020"
695,Cost Accountant,Accounting / Audit / Finance,JOF Nigeria Limited,Ogun,"9th December, 2020"
696,Optometrist,Medical/ Healthcare / Pharmaceutical,De Kings Eyes Clinic,Lagos,"9th December, 2020"
698,Loan Officer,Accounting / Audit / Finance,Stern & Kay Consulting,Lagos,"9th December, 2020"
699,Admin and Logistics Manager,Administration/ Office/ Operations,Phamarcy Chain Limited,Lagos,"9th December, 2020"
700,Store Sales Assistant,Sales / Business Development,Tempkers,Abuja,"9th December, 2020"
701,Field Service Engineer,Engineering / Technical,Daystar Power Group,Bauchi,"9th December, 2020"
703,Quality Assurance / Quality Control Engineer,Analyst/ Quality Control,Willers Solutions Limited,Lagos,"9th December, 2020"
705,Retail Store Manager,Supply Chain/ Store,Hubmart Stores Limited,Lagos,"9th December, 2020"
706,Field Service Technician,Technicians,Daystar Power Group,Bauchi,"9th December, 2020"
708,Experienced Preschool Teacher,Education / Teaching / Training,Leabridge Creche and Preschool,Lagos,"8th December, 2020"
709,General Manager,Executive / Management,Michael Stevens Consulting,Lagos,"8th December, 2020"
711,Sales Representative,Sales / Business Development,ARM Life Plc,Lagos,"8th December, 2020"
712,Electrician,Engineering / Technical,Laim Hotel,Osun,"8th December, 2020"
713,Head Information Technology,Information Technology / ICT,Forecore Technology Solutions Limited,Kano,"8th December, 2020"
714,Product Manager,Advertising/ Social Media/ Marketing/ PR,Fenix International,Abuja,"8th December, 2020"
715,Telesales Representative,Sales / Business Development,PREPCLASS NG,Lagos,"8th December, 2020"
716,Junior Accountant,Accounting / Audit / Finance,Tenaui Africa Limited,Lagos,"8th December, 2020"
717,Sales and Admin Officer,Administration/ Office/ Operations,African Naturalistas,Lagos,"8th December, 2020"
718,Procurement Manager,Procurement/ Purchasing,Westforte Lifecare Services,Lagos,"8th December, 2020"
719,IT Technical Support Officer,Information Technology / ICT,Forecore Technology Solutions Limited,Kano,"8th December, 2020"
722,Executive Assistant,Administration/ Office/ Operations,May Anthony,Lagos,"8th December, 2020"
723,Quantity Surveyor,Engineering / Technical,Michael Stevens Consulting,Rivers (PH),"8th December, 2020"
724,Field Marketer,Advertising/ Social Media/ Marketing/ PR,George Houston Resources Limited,Lagos,"8th December, 2020"
725,School Librarian,Education / Teaching / Training,A reputable school,Oyo,"8th December, 2020"
726,Dispatch Rider,Logistics / Transportation/ Supply,African Naturalistas,Lagos,"8th December, 2020"
727,Logistics Safety Manager,Logistics / Transportation/ Supply,Adker,Cross River,"8th December, 2020"
728,Business Development Manager,Sales / Business Development,Bellforte Consulting,Lagos,"8th December, 2020"
729,Early Years Teacher,Education / Teaching / Training,Eden Solution and Resources Ltd.,Abuja,"8th December, 2020"
730,Hospital Administrator,Administration/ Office/ Operations,PulcAcademy,Lagos,"8th December, 2020"
732,Store Assistant,Supply Chain/ Store,Strugz,Lagos,"8th December, 2020"
733,Marketing Officer,Advertising/ Social Media/ Marketing/ PR,George Houston Resources Limited,Lagos,"8th December, 2020"
735,Marketing Officer,Advertising/ Social Media/ Marketing/ PR,African Naturalistas,Lagos,"8th December, 2020"
736,Male Administrative Staff,Administration/ Office/ Operations,Pickmeup International Company,Akwa ibom,"8th December, 2020"
738,Investment Analyst,Accounting / Audit / Finance,Welcome2Africa,Abuja,"8th December, 2020"
739,Human Resources Business Partner,Human Resources / Recruitment,Jumia Nigeria,Lagos,"8th December, 2020"
740,Loan Officer / Marketer,Accounting / Audit / Finance,revent global finance,Lagos,"8th December, 2020"
741,Digital Marketer / Front Desk Manager,Administration/ Office/ Operations,Dreams Placement Hub,Lagos,"8th December, 2020"
742,Driver,Driving / Haulage,IZY Group Limited,Abuja,"8th December, 2020"
743,Technical Assistant,Engineering / Technical,IZY Group Limited,Abuja,"8th December, 2020"
745,Driver,Logistics / Transportation/ Supply,Zilt Investment,Oyo,"8th December, 2020"
746,Copy Writer,Freelance / Data Entry,Welcome2Africa,Abuja,"8th December, 2020"
747,Business Development Officer,Sales / Business Development,Welcome2Africa,Abuja,"8th December, 2020"
748,Finance Manager,Accounting / Audit / Finance,CrowdForce,Abuja,"8th December, 2020"
749,Account Manager,Accounting / Audit / Finance,Global Trust Investment Services Limited,Lagos,"8th December, 2020"
750,.Net Developer,Software/ Programming / Web development,CrowdForce,Abuja,"8th December, 2020"
751,Sales Representative,Sales / Business Development,Lexoft Media Limited,Lagos,"8th December, 2020"
752,Software Sales Executive,Sales / Business Development,TeamAce,Lagos,"8th December, 2020"
753,"Health, Safety and Environment (HSE) Assistant",HSE / Safety Management,Willers Solutions Limited,Lagos,"8th December, 2020"
754,Sales Team Lead,Sales / Business Development,Virgin-landmarts,Lagos,"8th December, 2020"
756,Driver,Driving / Haulage,Virgin-landmarts,Lagos,"8th December, 2020"
757,Digital Marketer,Advertising/ Social Media/ Marketing/ PR,Jemi Neil Consulting (JNC),Lagos,"8th December, 2020"
758,Sales Manager,Sales / Business Development,Willers Solutions Limited,Lagos,"8th December, 2020"
759,Junior Accountant,Accounting / Audit / Finance,Altara Credit Limited,Oyo,"8th December, 2020"
760,Warehouse Officer,Supply Chain/ Store,Blume Nigeria Limited,Ogun,"8th December, 2020"
761,General Manager,Executive / Management,Lexoft Media Limited,Lagos,"8th December, 2020"
762,Baker,Hospitality / Food Services,Dreams Placement Hub,Lagos,"8th December, 2020"
763,Business Development Manager,Sales / Business Development,Beebeejump,Anambra,"8th December, 2020"
764,Digital Marketing Officer,Advertising/ Social Media/ Marketing/ PR,Virgin-landmarts,Lagos,"8th December, 2020"
766,Waitress,Hospitality / Food Services,ValueFronteira Limited,Lagos,"8th December, 2020"
769,Marketer,Advertising/ Social Media/ Marketing/ PR,Vincintore Limited,Lagos,"7th December, 2020"
771,Procurement Officer,Procurement/ Purchasing,Vincintore Limited,Lagos,"7th December, 2020"
772,Social Media Personnel,Advertising/ Social Media/ Marketing/ PR,Chilis Nigeria,Oyo,"7th December, 2020"
773,Brand Manager,Advertising/ Social Media/ Marketing/ PR,Rossland Screening Solutions,Abuja,"7th December, 2020"
774,Marketing Consultant,Advertising/ Social Media/ Marketing/ PR,Olfad Global Solutions,Lagos,"7th December, 2020"
775,Store Manager,Supply Chain/ Store,Conglomerate Associate Nigeria Limited,Lagos,"7th December, 2020"
776,Operations Officer,Project Management,Elo-Ex Transport Services,Lagos,"7th December, 2020"
777,Farm Manager,Agriculture / Agro Allied,Conglomerate Associate Nigeria Limited,Lagos,"7th December, 2020"
778,Flutter Developer,Software/ Programming / Web development,DRO Health,Lagos,"7th December, 2020"
779,Marketer,Advertising/ Social Media/ Marketing/ PR,Applicant Check Limited,Lagos,"7th December, 2020"
780,Junior Full Stack Developer,Software/ Programming / Web development,Outsource Africa,Lagos,"7th December, 2020"
781,Public Administrator,Advertising/ Social Media/ Marketing/ PR,ROYAL TOUCH INTEGRATED RESOURCES LTD,Abuja,"7th December, 2020"
782,HSE Manager,HSE / Safety Management,Busy Minds Consults,Lagos,"7th December, 2020"
783,Sales / Marketing Specialist,Advertising/ Social Media/ Marketing/ PR,Oxford international Group,Lagos,"7th December, 2020"
784,Operation Manager,Project Management,ROYAL TOUCH INTEGRATED RESOURCES LTD,Abuja,"7th December, 2020"
785,Human Resource / Administration Executive,Administration/ Office/ Operations,Greengates Group Limited,Lagos,"7th December, 2020"
786,Receptionist,Administration/ Office/ Operations,Jaklovis Concept Limited,Lagos,"7th December, 2020"
787,Data Analyst,Analyst/ Quality Control,Landover Company Limited,Lagos,"7th December, 2020"
788,Maintenance Technician,Engineering / Technical,Wartsila Marine and Power Services Nigeria Limited,Cross River,"7th December, 2020"
789,Customer Service & Social Media Manager,Customer Service,Breadish Bakery,Lagos,"7th December, 2020"
790,Graphic Designer,Information Technology / ICT,Doculand Business Solutions Limited,Lagos,"7th December, 2020"
791,Accountant,Accounting / Audit / Finance,Lifecrest Medical Services Ltd,Lagos,"7th December, 2020"
792,Purchase Auditor (Female),Procurement/ Purchasing,Sayed Farms Limited,Oyo,"7th December, 2020"
793,Sales Executive,Sales / Business Development,DU opensource Limited,Lagos,"7th December, 2020"
794,Logistics Rider,Logistics / Transportation/ Supply,GreyWolf Empire,Lagos,"7th December, 2020"
795,Nursery Early Years Teacher,Education / Teaching / Training,TippyToes Kidcare,Abuja,"7th December, 2020"
796,Medical Doctor,Medical/ Healthcare / Pharmaceutical,EHA Clinics,Abuja,"7th December, 2020"
797,Graphics Artist,Information Technology / ICT,VAAD Media,Lagos,"7th December, 2020"
798,Chef and Cook,Hospitality / Food Services,Sales Force Consulting,Anambra,"7th December, 2020"
800,Dispatch Rider,Logistics / Transportation/ Supply,Prestigious Consulting,Lagos,"7th December, 2020"
801,Auxiliary Nurse,Medical/ Healthcare / Pharmaceutical,Prestigious Consulting,Lagos,"7th December, 2020"
802,Laboratory Technician,Technicians,Prestigious Consulting,Lagos,"7th December, 2020"
803,Corporate Sales Manager,Sales / Business Development,Lorache Group,Lagos,"7th December, 2020"
804,Frontend Designer,Software/ Programming / Web development,Interswitch Nigeria,Lagos,"7th December, 2020"
805,Administrative Officer,Administration/ Office/ Operations,Landover Company Limited,Lagos,"7th December, 2020"
806,Head of Customer Service,Customer Service,Liebherr Group,Abuja,"7th December, 2020"
807,Office Administrator,Administration/ Office/ Operations,Elifel Farms,Edo,"7th December, 2020"
808,Graphics Designer,Information Technology / ICT,Off-Field Concepts Limited,Abuja,"7th December, 2020"
809,Business Development Officer,Sales / Business Development,SENRI Limited,Lagos,"7th December, 2020"
810,Driver,Driving / Haulage,Merit Telecoms Nigeria Limited,Lagos,"7th December, 2020"
811,Software Programmer,Software/ Programming / Web development,Willers Solutions Limited,Lagos,"7th December, 2020"
812,Marketer,Advertising/ Social Media/ Marketing/ PR,Nellyani Properties & Investment Limited,Akwa ibom,"7th December, 2020"
814,Content Developer,Advertising/ Social Media/ Marketing/ PR,Alabian Solutions Limited,Lagos,"7th December, 2020"
815,Warehouse & Inventory Manager,Supply Chain/ Store,APM Terminals,Lagos,"7th December, 2020"
816,Supply Planner,Supply Chain/ Store,Reckitt Benckiser Nigeria,Lagos,"7th December, 2020"
817,Accountant,Accounting / Audit / Finance,Emily Karah,Abuja,"7th December, 2020"
819,Receptionist,Administration/ Office/ Operations,Amagbuz Venture,Lagos,"7th December, 2020"
820,Sales Admin,Sales / Business Development,Colton Industries,Lagos,"7th December, 2020"
822,Driver,Driving / Haulage,Turahfrique Interiors Limited,Lagos,"7th December, 2020"
823,Administrative Officer,Administration/ Office/ Operations,Enroyale Global Services Limited,Abuja,"7th December, 2020"
824,Human Resource Officer,Human Resources / Recruitment,Landover Company Limited,Lagos,"7th December, 2020"
826,Business Operations Manager,Sales / Business Development,Strategic Workforce Solutions,Abuja,"7th December, 2020"
827,Full Stack Developer,Software/ Programming / Web development,Oasis Management Company Limited,Abuja,"7th December, 2020"
828,Marketing Executive,Advertising/ Social Media/ Marketing/ PR,Kay Ville Apartment,Abuja,"7th December, 2020"
829,QA / QC Supervisor,Analyst/ Quality Control,Willers Solutions Limited,Lagos,"5th December, 2020"
831,Driver,Driving / Haulage,BAYIT properties and investment ltd.,Lagos,"5th December, 2020"
832,Accountant,Accounting / Audit / Finance,Creativity Unisex Salon,Lagos,"5th December, 2020"
833,AC Technician,Technicians,Aleyron Solutions Limited,Lagos,"5th December, 2020"
834,Nursery Head,Education / Teaching / Training,Space Generation School,Oyo,"5th December, 2020"
835,Project Manager,Project Management,Enoch Stone consulting,Kano,"5th December, 2020"
836,Sales Representative,Sales / Business Development,Creativity Unisex Salon,Lagos,"5th December, 2020"
837,Journalist,Media / Art / Entertainment,Enoch Stone consulting,Kano,"5th December, 2020"
839,Business Development Officer,Sales / Business Development,Equisite Consult,Lagos,"5th December, 2020"
840,Female Business Development Executive,Sales / Business Development,Colton Industries,Lagos,"5th December, 2020"
843,Accountant,Accounting / Audit / Finance,Strugz,Lagos,"5th December, 2020"
844,Dispatch Rider,Logistics / Transportation/ Supply,Heaven Blinks Logistics,Lagos,"5th December, 2020"
845,Internal Control Executive,Accounting / Audit / Finance,REALTY POINT LIMITED,Lagos,"5th December, 2020"
846,Driver,Driving / Haulage,AVK SECURITY SERVICES LIMITED,Abuja,"5th December, 2020"
847,Gym Instructor,Sports / Fitness,Laim Hotel,Osun,"5th December, 2020"
848,Security Guard,Security / Intelligence,AVK SECURITY SERVICES LIMITED,Abuja,"5th December, 2020"
849,Van Sales Representative,Sales / Business Development,Berrymart Integrated Services Limited,Lagos,"5th December, 2020"
850,Company Legal Manager,Legal / Law,Lorache Group,Lagos,"5th December, 2020"
851,Securities Dealer / Stocker,Security / Intelligence,Greengates Group Limited,Lagos,"5th December, 2020"
852,Electrical Draughtman,Engineering / Technical,Lash Technologies,Lagos,"5th December, 2020"
854,Copy Writer,Freelance / Data Entry,Rage Media,Abuja,"5th December, 2020"
855,Agriculture and Irrigation Officers,Agriculture / Agro Allied,DarkPearl Job placement Ltd,Abuja,"5th December, 2020"
856,Savings Collector Officer,Banking / Insurance,Gemstone Financial Services Limited,Borno,"5th December, 2020"
857,Bartender / Mixologist,Hospitality / Food Services,Laim Hotel,Osun,"5th December, 2020"
858,Hotel Waiters and House Keepers,Hospitality / Food Services,DarkPearl Job placement Ltd,Abuja,"5th December, 2020"
859,Female Toddler Teacher,Education / Teaching / Training,MBIS International,Oyo,"4th December, 2020"
860,Sales Executive,Sales / Business Development,Chateau Royal Real Estate Limited Incorporated,Lagos,"4th December, 2020"
861,Experienced Female Primary Teacher,Education / Teaching / Training,MBIS International,Lagos,"4th December, 2020"
862,Customer Service / Social Media Manager,Customer Service,Rich-Oak,Abuja,"4th December, 2020"
863,Executive Marketer,Advertising/ Social Media/ Marketing/ PR,Management FIRST,Abuja,"4th December, 2020"
864,Admin Assistant,Administration/ Office/ Operations,Farm and Food Industries Limited,Kwara,"4th December, 2020"
865,Procurement Officer,Procurement/ Purchasing,Farm and Food Industries Limited,Oyo,"4th December, 2020"
866,Mechanical Engineer,Engineering / Technical,Sanco Consolidated Nigeria Limited,Kwara,"4th December, 2020"
867,Personal Assistant,Secretarial / PA,Farm and Food Industries Limited,Oyo,"4th December, 2020"
868,Accountant,Accounting / Audit / Finance,Sanco Consolidated Nigeria Limited,Kwara,"4th December, 2020"
869,Supervisor,Executive / Management,Sanco Consolidated Nigeria Limited,Kwara,"4th December, 2020"
871,Sales Manager,Sales / Business Development,Beebeejump,Delta,"4th December, 2020"
872,Accountant,Accounting / Audit / Finance,De-Olushelters Concept,Osun,"4th December, 2020"
873,Architect,Building Design / Architecture,Prudential Estates Investors Network Limited,Lagos,"4th December, 2020"
876,Computer Science Teacher,Education / Teaching / Training,KingsPark College of Arts and Sciences,Osun,"4th December, 2020"
877,Tele Sales Representative,Sales / Business Development,Bookminders Nigeria,Lagos,"4th December, 2020"
878,Marketing Associate,Advertising/ Social Media/ Marketing/ PR,Owlings Services Limited,Abuja,"4th December, 2020"
879,Security Executive,Sales / Business Development,Caronik Security,Lagos,"4th December, 2020"
880,Electrical Industrial Engineer,Engineering / Technical,Unicane Industries Ltd,Kogi,"4th December, 2020"
881,Senior Finance Officer,Accounting / Audit / Finance,Addosser MicroFinance Bank Limited,Lagos,"4th December, 2020"
882,Loan Officer,Banking / Insurance,Rekrut Consulting Limited,Lagos,"4th December, 2020"
883,Accountant,Accounting / Audit / Finance,Palladium Group,Abuja,"4th December, 2020"
884,Administrative Assistant,Administration/ Office/ Operations,Palladium Group,Abuja,"4th December, 2020"
885,Forex Training Manager,Education / Teaching / Training,Bookminders Nigeria,Lagos,"4th December, 2020"
888,Architect,Building Design / Architecture,Amazing Property Nigeria,Lagos,"4th December, 2020"
889,Industrial Mechanical Technician,Engineering / Technical,Unicane Industries Ltd,Kogi,"4th December, 2020"
890,Front Desk Officer,Administration/ Office/ Operations,Cedarcrest Hospitals,Lagos,"4th December, 2020"
891,Sales and Marketing Professional,Advertising/ Social Media/ Marketing/ PR,Mentapp Solutions Limited,Lagos,"4th December, 2020"
892,Accounts Officer,Accounting / Audit / Finance,Sunrose Consulting Limited,Lagos,"4th December, 2020"
893,Project Manager (Radio Network Optimization),Project Management,Telinno Consulting Limited,Lagos,"4th December, 2020"
894,HR Manager,Human Resources / Recruitment,Genesis Group,Rivers (PH),"4th December, 2020"
895,Instrumentation Engineer,Engineering / Technical,Unicane Industries Ltd,Kogi,"4th December, 2020"
896,Store Keeper,Supply Chain/ Store,Karyz Foods,Lagos,"4th December, 2020"
897,HR Manager,Human Resources / Recruitment,Pruvia Integrated Limited,Lagos,"4th December, 2020"
898,Social Media Community Manager,Advertising/ Social Media/ Marketing/ PR,Multichoice Nigeria,Lagos,"4th December, 2020"
899,Accountant,Accounting / Audit / Finance,Pruvia Integrated Limited,Lagos,"4th December, 2020"
900,Cinematographer,Media / Art / Entertainment,Revolutionplus Property Development Company Limited,Lagos,"4th December, 2020"
901,Customer Service Officer II,Customer Service,Sopex Hitech Services Limited,Lagos,"4th December, 2020"
903,Software Developer,Software/ Programming / Web development,Proxynet Communications,Lagos,"4th December, 2020"
904,Agronomist,Agriculture / Agro Allied,Pally Agro Products Limited,Oyo,"4th December, 2020"
906,Business Development Manager,Sales / Business Development,Transsnet Group,Lagos,"4th December, 2020"
907,Senior Accountant Officer,Accounting / Audit / Finance,Amazing Property Nigeria,Lagos,"4th December, 2020"
908,Quality Control Inspector,Analyst/ Quality Control,Karyz Foods,Lagos,"4th December, 2020"
909,Drupal Frontend Developer,Software/ Programming / Web development,Premier Medical Systems Nigeria Limited,Lagos,"4th December, 2020"
910,Retail Executive,Sales / Business Development,Mutual Benefits Assurance Plc,Lagos,"4th December, 2020"
911,Chief Security Officer,Security / Intelligence,Domino Stores Limited,Lagos,"4th December, 2020"
912,Accountant,Accounting / Audit / Finance,Eden Solution and Resources Ltd.,Abuja,"4th December, 2020"
913,Registered Nurse,Medical/ Healthcare / Pharmaceutical,Lifecrest Medical Services Ltd,Lagos,"4th December, 2020"
914,HSE Coordinator,HSE / Safety Management,NASCON Allied Industries Plc,Lagos,"4th December, 2020"
915,"Head, HR / Admin",Administration/ Office/ Operations,Bellforte Consulting,Lagos,"4th December, 2020"
916,Senior Audit Officer,Accounting / Audit / Finance,Addosser MicroFinance Bank Limited,Lagos,"4th December, 2020"
917,Marketer,Advertising/ Social Media/ Marketing/ PR,Assurance Thrift & Credit Corporative Society,Abuja,"4th December, 2020"
919,Real Estate Agent,Real Estate / Property / Surveying,Enoch Stone consulting,Abuja,"3rd December, 2020"
920,Site Engineer,Engineering / Technical,Gheysen Real Limited,Lagos,"3rd December, 2020"
921,ICT Officer,Information Technology / ICT,Gheysen Real Limited,Lagos,"3rd December, 2020"
922,Receptionist,Customer Service,Laim Hotel,Osun,"3rd December, 2020"
923,Architect,Building Design / Architecture,Gheysen Real Limited,Lagos,"3rd December, 2020"
924,Front Desk Officer,Administration/ Office/ Operations,Aldelia Group,Lagos,"3rd December, 2020"
925,Van Sales Representative,Sales / Business Development,Berrymart Integrated Services Limited,Lagos,"3rd December, 2020"
926,Company Legal Manager,Legal / Law,Lorache Group,Lagos,"3rd December, 2020"
927,Obstetrics and Gynecology Consultant,Medical/ Healthcare / Pharmaceutical,PEARLDROPS HEALTHCARE STAFFING,Lagos,"3rd December, 2020"
928,Executive Assistant,Administration/ Office/ Operations,Gheysen Real Limited,Lagos,"3rd December, 2020"
929,Retail Sales Executive,Sales / Business Development,Armorsil West Africa,Abuja,"3rd December, 2020"
930,Dispatch Rider,Logistics / Transportation/ Supply,Conciliandos Solutions Limited,Lagos,"3rd December, 2020"
931,Financial Advisor,Accounting / Audit / Finance,Old Mutual Nigeria,Rivers (PH),"3rd December, 2020"
932,Business Development Associate,Sales / Business Development,PoweredUp Consulting,Enugu,"3rd December, 2020"
933,Driver,Logistics / Transportation/ Supply,Emmaking Construction Limited,Lagos,"3rd December, 2020"
934,Business Development Officer,Sales / Business Development,Geophase Resources Limited,Lagos,"3rd December, 2020"
936,Content Writer,Freelance / Data Entry,TechLagos,Lagos,"3rd December, 2020"
938,Warehouse Supervisor,Supply Chain/ Store,Tenaui Africa Limited,Lagos,"3rd December, 2020"
940,Electrical Engineer,Engineering / Technical,Willers Solutions Limited,Lagos,"3rd December, 2020"
944,Marketers,Advertising/ Social Media/ Marketing/ PR,Gemstone Financial Services Limited,Borno,"3rd December, 2020"
949,Driver / Van Sales Representative,Sales / Business Development,Blume Nigeria Limited,Lagos,"3rd December, 2020"
950,Sales Executive - Real Estate,Real Estate / Property / Surveying,BankSome Group of Companies,Lagos,"3rd December, 2020"
951,Customer Attendant,Customer Service,Domino Stores Limited,Lagos,"3rd December, 2020"
953,Deposit Mobilization Officer,Accounting / Audit / Finance,IBILE Microfinance Bank Limited,Lagos,"3rd December, 2020"
955,Direct Sales Executive,Sales / Business Development,e.Stream Networks,Lagos,"3rd December, 2020"
957,Driver,Logistics / Transportation/ Supply,Twenty-six Travel & Logistics,Lagos,"3rd December, 2020"
958,Procurement Manager,Procurement/ Purchasing,Smart Partners Consulting Limited,Lagos,"3rd December, 2020"
959,Executive Assistant,Administration/ Office/ Operations,Farming System Support Services,Osun,"3rd December, 2020"
961,Phonetics Teacher,Education / Teaching / Training,New Hall International School,Lagos,"3rd December, 2020"
962,Campboss / Site Supervisor,Executive / Management,Mega Catering Limited,Lagos,"3rd December, 2020"
963,Music Teacher,Education / Teaching / Training,New Hall International School,Lagos,"3rd December, 2020"
964,Associate,Legal / Law,Oyewole & Adesina,Lagos,"3rd December, 2020"
965,Child Protection Assistant,Project Management,International Rescue Committee,Yobe,"3rd December, 2020"
966,Child Protection Assistant,Project Management,International Rescue Committee,Borno,"3rd December, 2020"
967,E-Commerce / Social Media Manager,Advertising/ Social Media/ Marketing/ PR,Blingerati Ventures,Lagos,"3rd December, 2020"
968,Inventory Officer / Office Assistant,Administration/ Office/ Operations,Sitrid International School,Rivers (PH),"3rd December, 2020"
969,Consultant on Marketing Communication,Consulting / Business Strategy/ Planning,Palladium Group,Abuja,"3rd December, 2020"
970,Sales Executive,Sales / Business Development,Kloverharris Limited,Lagos,"3rd December, 2020"
971,Child Protection Case Worker,Project Management,International Rescue Committee,Borno,"3rd December, 2020"
972,Graphics Designer,"Creatives (Arts, Design, Fashion)",Willers Solutions Limited,Lagos,"3rd December, 2020"
973,Executive Assistant,Secretarial / PA,Bizpool Africa,Abuja,"3rd December, 2020"
974,Head Deposit Mobilization,Accounting / Audit / Finance,Rosabon Financial Services,Lagos,"3rd December, 2020"
975,"Head, Credit and Risk Management",Risk Management / Compliance,Rosabon Financial Services,Lagos,"3rd December, 2020"
976,National Channel Manager,Executive / Management,Rosabon Financial Services,Lagos,"3rd December, 2020"
977,Internal Audit Officer,Accounting / Audit / Finance,The Concept Group,Rivers (PH),"3rd December, 2020"
978,Senior Recruitment Strategist,Human Resources / Recruitment,The Concept Group,Lagos,"3rd December, 2020"
